#FORMAT=WebAnno TSV 3.1
#T_SP=de.tudarmstadt.ukp.dkpro.core.api.ner.type.NamedEntity|value


#Text=action=rotate_on;direction=dir_left;degshours=180
1-1	0-6	action	_	
1-2	6-7	=	_	
1-3	7-16	rotate_on	_	
1-4	16-17	;	_	
1-5	17-26	direction	_	
1-6	26-27	=	_	
1-7	27-35	dir_left	_	
1-8	35-36	;	_	
1-9	36-45	degshours	_	
1-10	45-46	=	_	
1-11	46-49	180	_	

#Text=\u043E\u0431\u0435\u0440\u043D\u0438\u0441\u044C
2-1	51-59	обернись	action[1]|degshours[2]	

#Text=action=rotate_on;direction=dir_left;degshours=180
3-1	62-68	action	_	
3-2	68-69	=	_	
3-3	69-78	rotate_on	_	
3-4	78-79	;	_	
3-5	79-88	direction	_	
3-6	88-89	=	_	
3-7	89-97	dir_left	_	
3-8	97-98	;	_	
3-9	98-107	degshours	_	
3-10	107-108	=	_	
3-11	108-111	180	_	

#Text=\u043E\u0433\u043B\u044F\u043D\u0438\u0441\u044C \u043D\u0430\u0437\u0430\u0434
4-1	113-121	оглянись	action	
4-2	122-127	назад	degshours	

#Text=action=rotate_on;direction=dir_left;degshours=180
5-1	129-135	action	_	
5-2	135-136	=	_	
5-3	136-145	rotate_on	_	
5-4	145-146	;	_	
5-5	146-155	direction	_	
5-6	155-156	=	_	
5-7	156-164	dir_left	_	
5-8	164-165	;	_	
5-9	165-174	degshours	_	
5-10	174-175	=	_	
5-11	175-178	180	_	

#Text=\u043E\u0442\u0432\u0435\u0440\u043D\u0438\u0441\u044C
6-1	180-189	отвернись	action[5]|degshours[6]	

#Text=action=rotate_on;direction=dir_left;degshours=180
7-1	192-198	action	_	
7-2	198-199	=	_	
7-3	199-208	rotate_on	_	
7-4	208-209	;	_	
7-5	209-218	direction	_	
7-6	218-219	=	_	
7-7	219-227	dir_left	_	
7-8	227-228	;	_	
7-9	228-237	degshours	_	
7-10	237-238	=	_	
7-11	238-241	180	_	

#Text=\u0441\u043E\u0432\u0435\u0440\u0448\u0438 \u0440\u0430\u0437\u0432\u043E\u0440\u043E\u0442 \u043D\u0430\u0437\u0430\u0434
8-1	243-250	соверши	_	
8-2	251-259	разворот	action	
8-3	260-265	назад	degshours	

#Text=action=rotate_on;direction=dir_left;degshours=180
9-1	267-273	action	_	
9-2	273-274	=	_	
9-3	274-283	rotate_on	_	
9-4	283-284	;	_	
9-5	284-293	direction	_	
9-6	293-294	=	_	
9-7	294-302	dir_left	_	
9-8	302-303	;	_	
9-9	303-312	degshours	_	
9-10	312-313	=	_	
9-11	313-316	180	_	

#Text=\u043F\u043E\u0441\u043C\u043E\u0442\u0440\u0438 \u043D\u0430\u0437\u0430\u0434
10-1	318-326	посмотри	action	
10-2	327-332	назад	degshours	

#Text=action=rotate_on;direction=dir_left;degshours=180
11-1	335-341	action	_	
11-2	341-342	=	_	
11-3	342-351	rotate_on	_	
11-4	351-352	;	_	
11-5	352-361	direction	_	
11-6	361-362	=	_	
11-7	362-370	dir_left	_	
11-8	370-371	;	_	
11-9	371-380	degshours	_	
11-10	380-381	=	_	
11-11	381-384	180	_	

#Text=\u043A\u0440\u0443\u0442\u0430\u043D\u0438\u0441\u044C \u043E\u0431\u0440\u0430\u0442\u043D\u043E
12-1	386-395	крутанись	action	
12-2	396-403	обратно	degshours	

#Text=action=rotate_on;direction=dir_left;degshours=180
13-1	405-411	action	_	
13-2	411-412	=	_	
13-3	412-421	rotate_on	_	
13-4	421-422	;	_	
13-5	422-431	direction	_	
13-6	431-432	=	_	
13-7	432-440	dir_left	_	
13-8	440-441	;	_	
13-9	441-450	degshours	_	
13-10	450-451	=	_	
13-11	451-454	180	_	

#Text=\u043F\u043E\u0441\u043C\u043E\u0442\u0440\u0438 \u0432 \u043F\u0440\u043E\u0442\u0438\u0432\u043E\u043F\u043E\u043B\u043E\u0436\u043D\u0443\u044E \u0441\u0442\u043E\u0440\u043E\u043D\u0443
14-1	456-464	посмотри	action	
14-2	465-466	в	degshours[14]	
14-3	467-482	противоположную	degshours[14]	
14-4	483-490	сторону	degshours[14]	

#Text=action=rotate_on;direction=dir_left;degshours=180
15-1	492-498	action	_	
15-2	498-499	=	_	
15-3	499-508	rotate_on	_	
15-4	508-509	;	_	
15-5	509-518	direction	_	
15-6	518-519	=	_	
15-7	519-527	dir_left	_	
15-8	527-528	;	_	
15-9	528-537	degshours	_	
15-10	537-538	=	_	
15-11	538-541	180	_	

#Text=\u0432\u0437\u0433\u043B\u044F\u043D\u0438 \u043D\u0430\u0437\u0430\u0434
16-1	543-550	взгляни	action	
16-2	551-556	назад	degshours	

#Text=action=rotate_on;direction=dir_left;degshours=180
17-1	558-564	action	_	
17-2	564-565	=	_	
17-3	565-574	rotate_on	_	
17-4	574-575	;	_	
17-5	575-584	direction	_	
17-6	584-585	=	_	
17-7	585-593	dir_left	_	
17-8	593-594	;	_	
17-9	594-603	degshours	_	
17-10	603-604	=	_	
17-11	604-607	180	_	

#Text=\u043A\u0440\u0443\u0442\u0430\u043D\u0438\u0441\u044C \u043D\u0430\u0437\u0430\u0434
18-1	609-618	крутанись	action	
18-2	619-624	назад	degshours	

#Text=action=rotate_on;direction=dir_left;degshours=180
19-1	626-632	action	_	
19-2	632-633	=	_	
19-3	633-642	rotate_on	_	
19-4	642-643	;	_	
19-5	643-652	direction	_	
19-6	652-653	=	_	
19-7	653-661	dir_left	_	
19-8	661-662	;	_	
19-9	662-671	degshours	_	
19-10	671-672	=	_	
19-11	672-675	180	_	

#Text=\u043F\u043E\u0432\u0435\u0440\u043D\u0438\u0441\u044C \u043D\u0430\u0437\u0430\u0434
20-1	677-686	повернись	action	
20-2	687-692	назад	degshours	

#Text=action=rotate_on;direction=dir_left;degshours=180
21-1	694-700	action	_	
21-2	700-701	=	_	
21-3	701-710	rotate_on	_	
21-4	710-711	;	_	
21-5	711-720	direction	_	
21-6	720-721	=	_	
21-7	721-729	dir_left	_	
21-8	729-730	;	_	
21-9	730-739	degshours	_	
21-10	739-740	=	_	
21-11	740-743	180	_	

#Text=\u043F\u043E\u043F\u0440\u043E\u0431\u0443\u0439 \u0440\u0430\u0437\u0432\u0435\u0440\u043D\u0443\u0442\u044C\u0441\u044F
22-1	745-753	попробуй	_	
22-2	754-766	развернуться	action[21]|degshours[22]	

#Text=action=rotate_on;direction=dir_left;degshours=180
23-1	768-774	action	_	
23-2	774-775	=	_	
23-3	775-784	rotate_on	_	
23-4	784-785	;	_	
23-5	785-794	direction	_	
23-6	794-795	=	_	
23-7	795-803	dir_left	_	
23-8	803-804	;	_	
23-9	804-813	degshours	_	
23-10	813-814	=	_	
23-11	814-817	180	_	

#Text=\u0432\u044B\u043F\u043E\u043B\u043D\u0438 \u0440\u0430\u0437\u0432\u043E\u0440\u043E\u0442
24-1	819-826	выполни	_	
24-2	827-835	разворот	action[23]|degshours[24]	

#Text=action=rotate_on;direction=dir_left;degshours=180
25-1	837-843	action	_	
25-2	843-844	=	_	
25-3	844-853	rotate_on	_	
25-4	853-854	;	_	
25-5	854-863	direction	_	
25-6	863-864	=	_	
25-7	864-872	dir_left	_	
25-8	872-873	;	_	
25-9	873-882	degshours	_	
25-10	882-883	=	_	
25-11	883-886	180	_	

#Text=\u0441\u043E\u0432\u0435\u0440\u0448\u0438 \u043F\u043E\u0432\u043E\u0440\u043E\u0442 \u043D\u0430 180
26-1	888-895	соверши	_	
26-2	896-903	поворот	action	
26-3	904-906	на	_	
26-4	907-910	180	degshours	

#Text=action=rotate_on;direction=dir_left;degshours=180
27-1	912-918	action	_	
27-2	918-919	=	_	
27-3	919-928	rotate_on	_	
27-4	928-929	;	_	
27-5	929-938	direction	_	
27-6	938-939	=	_	
27-7	939-947	dir_left	_	
27-8	947-948	;	_	
27-9	948-957	degshours	_	
27-10	957-958	=	_	
27-11	958-961	180	_	

#Text=\u043F\u043E\u0432\u043E\u0440\u0430\u0447\u0438\u0432\u0430\u0439\u0441\u044F, \u043F\u043E\u043A\u0430 \u043D\u0435 \u043D\u0430\u0447\u043D\u0435\u0448\u044C \u0441\u043C\u043E\u0442\u0440\u0435\u0442\u044C \u0432 \u043F\u0440\u043E\u0442\u0438\u0432\u043E\u043F\u043E\u043B\u043E\u0436\u043D\u0443\u044E \u0441\u0442\u043E\u0440\u043E\u043D\u0443
28-1	963-976	поворачивайся	action	
28-2	976-977	,	_	
28-3	978-982	пока	_	
28-4	983-985	не	_	
28-5	986-993	начнешь	_	
28-6	994-1002	смотреть	_	
28-7	1003-1004	в	degshours[28]	
28-8	1005-1020	противоположную	degshours[28]	
28-9	1021-1028	сторону	degshours[28]	

#Text=action=rotate_on;direction=dir_left;degshours=180
29-1	1030-1036	action	_	
29-2	1036-1037	=	_	
29-3	1037-1046	rotate_on	_	
29-4	1046-1047	;	_	
29-5	1047-1056	direction	_	
29-6	1056-1057	=	_	
29-7	1057-1065	dir_left	_	
29-8	1065-1066	;	_	
29-9	1066-1075	degshours	_	
29-10	1075-1076	=	_	
29-11	1076-1079	180	_	

#Text=\u043F\u043E\u0441\u043C\u043E\u0442\u0440\u0438 \u0442\u0443\u0434\u0430, \u043E\u0442\u043A\u0443\u0434\u0430 \u043F\u0440\u0438\u0448\u0435\u043B
30-1	1081-1089	посмотри	action	
30-2	1090-1094	туда	_	
30-3	1094-1095	,	_	
30-4	1096-1102	откуда	degshours[30]	
30-5	1103-1109	пришел	degshours[30]	

#Text=action=rotate_on;direction=dir_left;degshours=180
31-1	1111-1117	action	_	
31-2	1117-1118	=	_	
31-3	1118-1127	rotate_on	_	
31-4	1127-1128	;	_	
31-5	1128-1137	direction	_	
31-6	1137-1138	=	_	
31-7	1138-1146	dir_left	_	
31-8	1146-1147	;	_	
31-9	1147-1156	degshours	_	
31-10	1156-1157	=	_	
31-11	1157-1160	180	_	

#Text=\u0442\u0432\u043E\u044F \u0446\u0435\u043B\u044C \u0441\u0437\u0430\u0434\u0438
32-1	1162-1166	твоя	_	
32-2	1167-1171	цель	_	
32-3	1172-1177	сзади	degshours	

#Text=action=rotate_on;direction=dir_left;degshours=180
33-1	1179-1185	action	_	
33-2	1185-1186	=	_	
33-3	1186-1195	rotate_on	_	
33-4	1195-1196	;	_	
33-5	1196-1205	direction	_	
33-6	1205-1206	=	_	
33-7	1206-1214	dir_left	_	
33-8	1214-1215	;	_	
33-9	1215-1224	degshours	_	
33-10	1224-1225	=	_	
33-11	1225-1228	180	_	

#Text=\u0433\u043B\u044F\u043D\u044C \u043F\u043E\u0437\u0430\u0434\u0438 \u0441\u0435\u0431\u044F
34-1	1230-1235	глянь	action	
34-2	1236-1242	позади	degshours	
34-3	1243-1247	себя	_	

#Text=action=rotate_on;direction=dir_left;degshours=180
35-1	1249-1255	action	_	
35-2	1255-1256	=	_	
35-3	1256-1265	rotate_on	_	
35-4	1265-1266	;	_	
35-5	1266-1275	direction	_	
35-6	1275-1276	=	_	
35-7	1276-1284	dir_left	_	
35-8	1284-1285	;	_	
35-9	1285-1294	degshours	_	
35-10	1294-1295	=	_	
35-11	1295-1298	180	_	

#Text=\u043D\u0443\u0436\u043D\u043E \u043F\u0440\u043E\u0434\u043E\u043B\u0436\u0430\u0442\u044C \u0441\u043E\u0432\u0435\u0440\u0448\u0430\u0442\u044C \u043F\u043E\u0432\u043E\u0440\u043E\u0442, \u043F\u043E\u043A\u0430 \u043D\u0435 \u0434\u043E\u0441\u0442\u0438\u0433\u043D\u0435\u0448\u044C \u043E\u0442\u043C\u0435\u0442\u043A\u0438 \u0432 180 \u0433\u0440\u0430\u0434\u0443\u0441\u043E\u0432
36-1	1300-1305	нужно	_	
36-2	1306-1316	продолжать	_	
36-3	1317-1326	совершать	_	
36-4	1327-1334	поворот	action	
36-5	1334-1335	,	_	
36-6	1336-1340	пока	_	
36-7	1341-1343	не	_	
36-8	1344-1354	достигнешь	_	
36-9	1355-1362	отметки	_	
36-10	1363-1364	в	_	
36-11	1365-1368	180	degshours[35]	
36-12	1369-1377	градусов	degshours[35]	

#Text=action=rotate_on;direction=dir_left;degshours=180
37-1	1379-1385	action	_	
37-2	1385-1386	=	_	
37-3	1386-1395	rotate_on	_	
37-4	1395-1396	;	_	
37-5	1396-1405	direction	_	
37-6	1405-1406	=	_	
37-7	1406-1414	dir_left	_	
37-8	1414-1415	;	_	
37-9	1415-1424	degshours	_	
37-10	1424-1425	=	_	
37-11	1425-1428	180	_	

#Text=\u043F\u0440\u043E\u0432\u0435\u0440\u044C, \u0447\u0442\u043E \u0442\u0430\u043C \u043F\u043E\u0437\u0430\u0434\u0438 \u0442\u0435\u0431\u044F
38-1	1430-1437	проверь	action	
38-2	1437-1438	,	_	
38-3	1439-1442	что	_	
38-4	1443-1446	там	_	
38-5	1447-1453	позади	degshours[37]	
38-6	1454-1458	тебя	degshours[37]	

#Text=action=rotate_on;direction=dir_left;degshours=180
39-1	1460-1466	action	_	
39-2	1466-1467	=	_	
39-3	1467-1476	rotate_on	_	
39-4	1476-1477	;	_	
39-5	1477-1486	direction	_	
39-6	1486-1487	=	_	
39-7	1487-1495	dir_left	_	
39-8	1495-1496	;	_	
39-9	1496-1505	degshours	_	
39-10	1505-1506	=	_	
39-11	1506-1509	180	_	

#Text=\u0432\u0441\u0442\u0430\u043D\u044C \u043D\u0430 6 \u0447\u0430\u0441\u043E\u0432
40-1	1511-1517	встань	action	
40-2	1518-1520	на	_	
40-3	1521-1522	6	degshours[39]	
40-4	1523-1528	часов	degshours[39]	

#Text=action=rotate_on;direction=dir_left;degshours=180
41-1	1530-1536	action	_	
41-2	1536-1537	=	_	
41-3	1537-1546	rotate_on	_	
41-4	1546-1547	;	_	
41-5	1547-1556	direction	_	
41-6	1556-1557	=	_	
41-7	1557-1565	dir_left	_	
41-8	1565-1566	;	_	
41-9	1566-1575	degshours	_	
41-10	1575-1576	=	_	
41-11	1576-1579	180	_	

#Text=\u0440\u0430\u0437\u0432\u0435\u0440\u043D\u0438 \u043A\u043E\u0440\u043F\u0443\u0441
42-1	1581-1589	разверни	action[40]|degshours[41]	
42-2	1590-1596	корпус	action[40]|degshours[41]	

#Text=action=rotate_on;direction=dir_left;degshours=180
43-1	1598-1604	action	_	
43-2	1604-1605	=	_	
43-3	1605-1614	rotate_on	_	
43-4	1614-1615	;	_	
43-5	1615-1624	direction	_	
43-6	1624-1625	=	_	
43-7	1625-1633	dir_left	_	
43-8	1633-1634	;	_	
43-9	1634-1643	degshours	_	
43-10	1643-1644	=	_	
43-11	1644-1647	180	_	

#Text=\u043F\u043E\u0441\u043C\u043E\u0442\u0440\u0438 \u043E\u0431\u0440\u0430\u0442\u043D\u043E
44-1	1649-1657	посмотри	action	
44-2	1658-1665	обратно	degshours	

#Text=action=rotate_on;direction=dir_left;degshours=180
45-1	1667-1673	action	_	
45-2	1673-1674	=	_	
45-3	1674-1683	rotate_on	_	
45-4	1683-1684	;	_	
45-5	1684-1693	direction	_	
45-6	1693-1694	=	_	
45-7	1694-1702	dir_left	_	
45-8	1702-1703	;	_	
45-9	1703-1712	degshours	_	
45-10	1712-1713	=	_	
45-11	1713-1716	180	_	

#Text=\u0432\u0435\u0440\u0442\u0438\u0441\u044C \u043D\u0430\u0437\u0430\u0434
46-1	1718-1725	вертись	action	
46-2	1726-1731	назад	degshours	

#Text=action=rotate_on;direction=dir_left;degshours=180
47-1	1733-1739	action	_	
47-2	1739-1740	=	_	
47-3	1740-1749	rotate_on	_	
47-4	1749-1750	;	_	
47-5	1750-1759	direction	_	
47-6	1759-1760	=	_	
47-7	1760-1768	dir_left	_	
47-8	1768-1769	;	_	
47-9	1769-1778	degshours	_	
47-10	1778-1779	=	_	
47-11	1779-1782	180	_	

#Text=\u043E\u0442\u0432\u0435\u0440\u043D\u0438\u0441\u044C \u043E\u0442 \u043F\u0440\u0435\u0436\u043D\u0435\u0439 \u0446\u0435\u043B\u0438
48-1	1784-1793	отвернись	action[46]|degshours[47]	
48-2	1794-1796	от	_	
48-3	1797-1804	прежней	_	
48-4	1805-1809	цели	_	

#Text=action=rotate_on;direction=dir_left;degshours=180
49-1	1811-1817	action	_	
49-2	1817-1818	=	_	
49-3	1818-1827	rotate_on	_	
49-4	1827-1828	;	_	
49-5	1828-1837	direction	_	
49-6	1837-1838	=	_	
49-7	1838-1846	dir_left	_	
49-8	1846-1847	;	_	
49-9	1847-1856	degshours	_	
49-10	1856-1857	=	_	
49-11	1857-1860	180	_	

#Text=\u0442\u0432\u043E\u044F \u0446\u0435\u043B\u044C \u043F\u043E\u0437\u0430\u0434\u0438 \u0442\u0435\u0431\u044F
50-1	1862-1866	твоя	_	
50-2	1867-1871	цель	_	
50-3	1872-1878	позади	degshours	
50-4	1879-1883	тебя	_	

#Text=action=rotate_on;direction=dir_left;degshours=180
51-1	1885-1891	action	_	
51-2	1891-1892	=	_	
51-3	1892-1901	rotate_on	_	
51-4	1901-1902	;	_	
51-5	1902-1911	direction	_	
51-6	1911-1912	=	_	
51-7	1912-1920	dir_left	_	
51-8	1920-1921	;	_	
51-9	1921-1930	degshours	_	
51-10	1930-1931	=	_	
51-11	1931-1934	180	_	

#Text=\u043F\u0440\u043E\u0432\u0435\u0440\u044C \u0441\u0432\u043E\u0439 \u0442\u044B\u043B
52-1	1936-1943	проверь	action	
52-2	1944-1948	свой	_	
52-3	1949-1952	тыл	degshours	

#Text=action=rotate_on;direction=dir_left;degshours=180
53-1	1954-1960	action	_	
53-2	1960-1961	=	_	
53-3	1961-1970	rotate_on	_	
53-4	1970-1971	;	_	
53-5	1971-1980	direction	_	
53-6	1980-1981	=	_	
53-7	1981-1989	dir_left	_	
53-8	1989-1990	;	_	
53-9	1990-1999	degshours	_	
53-10	1999-2000	=	_	
53-11	2000-2003	180	_	

#Text=\u0432\u0441\u0442\u0430\u043D\u044C \u0434\u0438\u0430\u043C\u0435\u0442\u0440\u0430\u043B\u044C\u043D\u043E-\u043F\u0440\u043E\u0442\u0438\u0432\u043E\u043F\u043E\u043B\u043E\u0436\u043D\u043E
54-1	2005-2011	встань	action	
54-2	2012-2039	диаметрально-противоположно	degshours	

#Text=action=rotate_on;direction=dir_left;degshours=180
55-1	2041-2047	action	_	
55-2	2047-2048	=	_	
55-3	2048-2057	rotate_on	_	
55-4	2057-2058	;	_	
55-5	2058-2067	direction	_	
55-6	2067-2068	=	_	
55-7	2068-2076	dir_left	_	
55-8	2076-2077	;	_	
55-9	2077-2086	degshours	_	
55-10	2086-2087	=	_	
55-11	2087-2090	180	_	

#Text=\u0440\u0430\u0441\u043F\u043E\u043B\u043E\u0436\u0438\u0441\u044C \u043D\u0430 \u043F\u043E\u043B\u0447\u0430\u0441\u0430
56-1	2092-2103	расположись	action	
56-2	2104-2106	на	_	
56-3	2107-2114	полчаса	degshours	

#Text=action=rotate_on;direction=dir_left;degshours=180
57-1	2116-2122	action	_	
57-2	2122-2123	=	_	
57-3	2123-2132	rotate_on	_	
57-4	2132-2133	;	_	
57-5	2133-2142	direction	_	
57-6	2142-2143	=	_	
57-7	2143-2151	dir_left	_	
57-8	2151-2152	;	_	
57-9	2152-2161	degshours	_	
57-10	2161-2162	=	_	
57-11	2162-2165	180	_	

#Text=\u0432\u0441\u0442\u0430\u043D\u044C \u043D\u0430 30 \u043C\u0438\u043D\u0443\u0442
58-1	2167-2173	встань	action	
58-2	2174-2176	на	_	
58-3	2177-2179	30	degshours[56]	
58-4	2180-2185	минут	degshours[56]	

#Text=action=rotate_on;direction=dir_left;degshours=180
59-1	2187-2193	action	_	
59-2	2193-2194	=	_	
59-3	2194-2203	rotate_on	_	
59-4	2203-2204	;	_	
59-5	2204-2213	direction	_	
59-6	2213-2214	=	_	
59-7	2214-2222	dir_left	_	
59-8	2222-2223	;	_	
59-9	2223-2232	degshours	_	
59-10	2232-2233	=	_	
59-11	2233-2236	180	_	

#Text=\u043D\u0435 \u0437\u0430\u0431\u0443\u0434\u044C \u0441\u043E\u0432\u0435\u0440\u0448\u0438\u0442\u044C \u0440\u0430\u0437\u0432\u043E\u0440\u043E\u0442
60-1	2238-2240	не	_	
60-2	2241-2247	забудь	_	
60-3	2248-2257	совершить	_	
60-4	2258-2266	разворот	action[57]|degshours[58]	

#Text=action=rotate_on;direction=dir_left;degshours=180
61-1	2268-2274	action	_	
61-2	2274-2275	=	_	
61-3	2275-2284	rotate_on	_	
61-4	2284-2285	;	_	
61-5	2285-2294	direction	_	
61-6	2294-2295	=	_	
61-7	2295-2303	dir_left	_	
61-8	2303-2304	;	_	
61-9	2304-2313	degshours	_	
61-10	2313-2314	=	_	
61-11	2314-2317	180	_	

#Text=\u043F\u043E\u0432\u0435\u0440\u043D\u0438\u0441\u044C \u043D\u0430 180
62-1	2319-2328	повернись	action	
62-2	2329-2331	на	_	
62-3	2332-2335	180	degshours	

#Text=action=rotate_on;direction=dir_left;degshours=180
63-1	2337-2343	action	_	
63-2	2343-2344	=	_	
63-3	2344-2353	rotate_on	_	
63-4	2353-2354	;	_	
63-5	2354-2363	direction	_	
63-6	2363-2364	=	_	
63-7	2364-2372	dir_left	_	
63-8	2372-2373	;	_	
63-9	2373-2382	degshours	_	
63-10	2382-2383	=	_	
63-11	2383-2386	180	_	

#Text=\u043F\u0440\u043E\u0432\u0435\u0440\u044C \u0441\u0432\u043E\u044E \u0442\u044B\u043B\u044C\u043D\u0443\u044E \u0441\u0442\u043E\u0440\u043E\u043D\u0443
64-1	2388-2395	проверь	action	
64-2	2396-2400	свою	_	
64-3	2401-2408	тыльную	degshours[62]	
64-4	2409-2416	сторону	degshours[62]	

#Text=action=rotate_on;direction=dir_left;degshours=180
65-1	2418-2424	action	_	
65-2	2424-2425	=	_	
65-3	2425-2434	rotate_on	_	
65-4	2434-2435	;	_	
65-5	2435-2444	direction	_	
65-6	2444-2445	=	_	
65-7	2445-2453	dir_left	_	
65-8	2453-2454	;	_	
65-9	2454-2463	degshours	_	
65-10	2463-2464	=	_	
65-11	2464-2467	180	_	

#Text=\u0441\u043B\u044B\u0448\u044C, \u0442\u044B, \u043D\u0430\u0437\u0430\u0434!
66-1	2469-2474	слышь	_	
66-2	2474-2475	,	_	
66-3	2476-2478	ты	_	
66-4	2478-2479	,	_	
66-5	2480-2485	назад	degshours[63]|action[64]	
66-6	2485-2486	!	_	

#Text=action=rotate_on;direction=dir_left;degshours=180
67-1	2488-2494	action	_	
67-2	2494-2495	=	_	
67-3	2495-2504	rotate_on	_	
67-4	2504-2505	;	_	
67-5	2505-2514	direction	_	
67-6	2514-2515	=	_	
67-7	2515-2523	dir_left	_	
67-8	2523-2524	;	_	
67-9	2524-2533	degshours	_	
67-10	2533-2534	=	_	
67-11	2534-2537	180	_	

#Text=\u0441\u0434\u0435\u043B\u0430\u0439 \u043F\u043E\u043B\u0443\u043E\u0431\u043E\u0440\u043E\u0442
68-1	2539-2545	сделай	action[65]	
68-2	2546-2556	полуоборот	action[65]|degshours[66]	

#Text=action=rotate_on;direction=dir_left;degshours=180
69-1	2558-2564	action	_	
69-2	2564-2565	=	_	
69-3	2565-2574	rotate_on	_	
69-4	2574-2575	;	_	
69-5	2575-2584	direction	_	
69-6	2584-2585	=	_	
69-7	2585-2593	dir_left	_	
69-8	2593-2594	;	_	
69-9	2594-2603	degshours	_	
69-10	2603-2604	=	_	
69-11	2604-2607	180	_	

#Text=\u043F\u043E\u043B\u0443\u043E\u0431\u0435\u0440\u043D\u0438\u0441\u044C \u0432\u043E\u043A\u0440\u0443\u0433 \u0441\u0432\u043E\u0439 \u043E\u0441\u0438
70-1	2609-2621	полуобернись	action[67]|degshours[68]	
70-2	2622-2628	вокруг	_	
70-3	2629-2633	свой	_	
70-4	2634-2637	оси	_	

#Text=action=rotate_on;direction=dir_left;degshours=180
71-1	2639-2645	action	_	
71-2	2645-2646	=	_	
71-3	2646-2655	rotate_on	_	
71-4	2655-2656	;	_	
71-5	2656-2665	direction	_	
71-6	2665-2666	=	_	
71-7	2666-2674	dir_left	_	
71-8	2674-2675	;	_	
71-9	2675-2684	degshours	_	
71-10	2684-2685	=	_	
71-11	2685-2688	180	_	

#Text=\u043E\u043A\u0438\u043D\u044C \u0432\u0437\u0433\u043B\u044F\u0434\u043E\u043C \u0442\u044B\u043B
72-1	2690-2695	окинь	action[69]	
72-2	2696-2704	взглядом	action[69]	
72-3	2705-2708	тыл	degshours	

#Text=action=rotate_on;direction=dir_left;degshours=180
73-1	2710-2716	action	_	
73-2	2716-2717	=	_	
73-3	2717-2726	rotate_on	_	
73-4	2726-2727	;	_	
73-5	2727-2736	direction	_	
73-6	2736-2737	=	_	
73-7	2737-2745	dir_left	_	
73-8	2745-2746	;	_	
73-9	2746-2755	degshours	_	
73-10	2755-2756	=	_	
73-11	2756-2759	180	_	

#Text=\u043F\u043E\u0437\u0430\u0434\u0438 \u0442\u0435\u0431\u044F
74-1	2761-2767	позади	direction[71]|degshours[72]	
74-2	2768-2772	тебя	_	

#Text=action=rotate_on;direction=dir_left;degshours=180
75-1	2774-2780	action	_	
75-2	2780-2781	=	_	
75-3	2781-2790	rotate_on	_	
75-4	2790-2791	;	_	
75-5	2791-2800	direction	_	
75-6	2800-2801	=	_	
75-7	2801-2809	dir_left	_	
75-8	2809-2810	;	_	
75-9	2810-2819	degshours	_	
75-10	2819-2820	=	_	
75-11	2820-2823	180	_	

#Text=\u0441\u0442\u0435\u0440\u0435\u0433\u0438 \u0441\u0432\u043E\u0439 \u0442\u044B\u043B
76-1	2825-2832	стереги	action	
76-2	2833-2837	свой	_	
76-3	2838-2841	тыл	degshours	

#Text=action=rotate_on;direction=dir_left;degshours=180
77-1	2843-2849	action	_	
77-2	2849-2850	=	_	
77-3	2850-2859	rotate_on	_	
77-4	2859-2860	;	_	
77-5	2860-2869	direction	_	
77-6	2869-2870	=	_	
77-7	2870-2878	dir_left	_	
77-8	2878-2879	;	_	
77-9	2879-2888	degshours	_	
77-10	2888-2889	=	_	
77-11	2889-2892	180	_	

#Text=\u043F\u043E\u0432\u0435\u0440\u043D\u0438\u0441\u044C \u043F\u0440\u043E\u0447\u044C
78-1	2894-2903	повернись	action	
78-2	2904-2909	прочь	degshours	

#Text=action=rotate_on;direction=dir_left;degshours=180
79-1	2911-2917	action	_	
79-2	2917-2918	=	_	
79-3	2918-2927	rotate_on	_	
79-4	2927-2928	;	_	
79-5	2928-2937	direction	_	
79-6	2937-2938	=	_	
79-7	2938-2946	dir_left	_	
79-8	2946-2947	;	_	
79-9	2947-2956	degshours	_	
79-10	2956-2957	=	_	
79-11	2957-2960	180	_	

#Text=\u0440\u0430\u0437\u0432\u0435\u0440\u043D\u0438\u0441\u044C \u0434\u0438\u0430\u043C\u0435\u0442\u0440\u0430\u043B\u044C\u043D\u043E-\u043F\u0440\u043E\u0442\u0438\u0432\u043E\u043B\u043E\u0436\u043D\u044B\u043C \u043E\u0431\u0440\u0430\u0437\u043E\u043C
80-1	2962-2972	развернись	action	
80-2	2973-2999	диаметрально-противоложным	degshours	
80-3	3000-3007	образом	_	

#Text=action=rotate_on;direction=dir_left;degshours=180
81-1	3009-3015	action	_	
81-2	3015-3016	=	_	
81-3	3016-3025	rotate_on	_	
81-4	3025-3026	;	_	
81-5	3026-3035	direction	_	
81-6	3035-3036	=	_	
81-7	3036-3044	dir_left	_	
81-8	3044-3045	;	_	
81-9	3045-3054	degshours	_	
81-10	3054-3055	=	_	
81-11	3055-3058	180	_	

#Text=\u0442\u044B \u043A\u0443\u0434\u0430 \u043F\u043E\u0448\u0435\u043B? \u0441\u0442\u043E\u0439! \u043E\u0431\u0440\u0430\u0442\u043D\u043E!
82-1	3060-3062	ты	_	
82-2	3063-3067	куда	_	
82-3	3068-3073	пошел	_	
82-4	3073-3074	?	_	
82-5	3075-3079	стой	action	
82-6	3079-3080	!	_	
82-7	3081-3088	обратно	degshours	
82-8	3088-3089	!	_	

#Text=action=rotate_on;direction=dir_left;degshours=180
83-1	3091-3097	action	_	
83-2	3097-3098	=	_	
83-3	3098-3107	rotate_on	_	
83-4	3107-3108	;	_	
83-5	3108-3117	direction	_	
83-6	3117-3118	=	_	
83-7	3118-3126	dir_left	_	
83-8	3126-3127	;	_	
83-9	3127-3136	degshours	_	
83-10	3136-3137	=	_	
83-11	3137-3140	180	_	

#Text=\u0441\u0442\u0435\u0440\u0435\u0433\u0438 \u043A\u043E\u0440\u043C\u0443
84-1	3142-3149	стереги	action	
84-2	3150-3155	корму	degshours	

#Text=action=rotate_on;direction=dir_left;degshours=180
85-1	3157-3163	action	_	
85-2	3163-3164	=	_	
85-3	3164-3173	rotate_on	_	
85-4	3173-3174	;	_	
85-5	3174-3183	direction	_	
85-6	3183-3184	=	_	
85-7	3184-3192	dir_left	_	
85-8	3192-3193	;	_	
85-9	3193-3202	degshours	_	
85-10	3202-3203	=	_	
85-11	3203-3206	180	_	

#Text=\u0442\u0432\u043E\u044F \u0446\u0435\u043B\u044C \u0434\u0438\u0430\u043C\u0435\u0442\u0440\u0430\u043B\u044C\u043D\u043E-\u043F\u0440\u043E\u0442\u0438\u0432\u043E\u043F\u043E\u043B\u043E\u0436\u043D\u0430 \u043E\u0442 \u0442\u0435\u0431\u044F
86-1	3208-3212	твоя	_	
86-2	3213-3217	цель	_	
86-3	3218-3245	диаметрально-противоположна	degshours	
86-4	3246-3248	от	_	
86-5	3249-3253	тебя	_	

#Text=action=rotate_on;direction=dir_left;degshours=180
87-1	3255-3261	action	_	
87-2	3261-3262	=	_	
87-3	3262-3271	rotate_on	_	
87-4	3271-3272	;	_	
87-5	3272-3281	direction	_	
87-6	3281-3282	=	_	
87-7	3282-3290	dir_left	_	
87-8	3290-3291	;	_	
87-9	3291-3300	degshours	_	
87-10	3300-3301	=	_	
87-11	3301-3304	180	_	

#Text=\u043D\u0430 \u043F\u043E\u043B\u0447\u0430\u0441\u0430 \u0442\u0432\u043E\u044F \u0446\u0435\u043B\u044C
88-1	3306-3308	на	_	
88-2	3309-3316	полчаса	degshours	
88-3	3317-3321	твоя	_	
88-4	3322-3326	цель	_	

#Text=action=rotate_on;direction=dir_left;degshours=180
89-1	3328-3334	action	_	
89-2	3334-3335	=	_	
89-3	3335-3344	rotate_on	_	
89-4	3344-3345	;	_	
89-5	3345-3354	direction	_	
89-6	3354-3355	=	_	
89-7	3355-3363	dir_left	_	
89-8	3363-3364	;	_	
89-9	3364-3373	degshours	_	
89-10	3373-3374	=	_	
89-11	3374-3377	180	_	

#Text=\u0442\u0435\u0431\u0435 \u043D\u0443\u0436\u043D\u043E \u0441\u043E\u0432\u0435\u0440\u0448\u0438\u0442\u044C \u043F\u0440\u043E\u0432\u0435\u0440\u043A\u0443 \u0441\u0432\u043E\u0435\u0439 \u0442\u044B\u043B\u044C\u043D\u043E\u0439 \u0447\u0430\u0441\u0442\u0438
90-1	3379-3383	тебе	_	
90-2	3384-3389	нужно	action[85]	
90-3	3390-3399	совершить	action[85]	
90-4	3400-3408	проверку	action[85]	
90-5	3409-3414	своей	_	
90-6	3415-3422	тыльной	degshours[86]	
90-7	3423-3428	части	degshours[86]	

#Text=action=rotate_on;direction=dir_left;degshours=180
91-1	3430-3436	action	_	
91-2	3436-3437	=	_	
91-3	3437-3446	rotate_on	_	
91-4	3446-3447	;	_	
91-5	3447-3456	direction	_	
91-6	3456-3457	=	_	
91-7	3457-3465	dir_left	_	
91-8	3465-3466	;	_	
91-9	3466-3475	degshours	_	
91-10	3475-3476	=	_	
91-11	3476-3479	180	_	

#Text=\u043E\u043F\u0430\u0441\u043D\u043E\u0441\u0442\u044C - \u043F\u043E\u0437\u0430\u0434\u0438
92-1	3481-3490	опасность	_	
92-2	3491-3492	-	_	
92-3	3493-3499	позади	degshours	

#Text=action=rotate_on;direction=dir_left;degshours=180
93-1	3501-3507	action	_	
93-2	3507-3508	=	_	
93-3	3508-3517	rotate_on	_	
93-4	3517-3518	;	_	
93-5	3518-3527	direction	_	
93-6	3527-3528	=	_	
93-7	3528-3536	dir_left	_	
93-8	3536-3537	;	_	
93-9	3537-3546	degshours	_	
93-10	3546-3547	=	_	
93-11	3547-3550	180	_	

#Text=\u0442\u0435\u0431\u0435 \u0441\u043B\u0435\u0434\u0443\u0435\u0442 \u0440\u0430\u0437\u0432\u0435\u0440\u043D\u0443\u0442\u044C\u0441\u044F \u043D\u0430 30 \u043C\u0438\u043D\u0443\u0442
94-1	3552-3556	тебе	_	
94-2	3557-3564	следует	_	
94-3	3565-3577	развернуться	action	
94-4	3578-3580	на	_	
94-5	3581-3583	30	degshours[89]	
94-6	3584-3589	минут	degshours[89]	

#Text=action=rotate_on;direction=dir_left;degshours=180
95-1	3591-3597	action	_	
95-2	3597-3598	=	_	
95-3	3598-3607	rotate_on	_	
95-4	3607-3608	;	_	
95-5	3608-3617	direction	_	
95-6	3617-3618	=	_	
95-7	3618-3626	dir_left	_	
95-8	3626-3627	;	_	
95-9	3627-3636	degshours	_	
95-10	3636-3637	=	_	
95-11	3637-3640	180	_	

#Text=\u0438\u0437\u043C\u0435\u043D\u0438 \u0441\u0432\u043E\u0439 \u0432\u0435\u043A\u0442\u043E\u0440 \u043D\u0430 \u043F\u0440\u043E\u0442\u0438\u0432\u043E\u043F\u043E\u043B\u043E\u0436\u043D\u044B\u0439
96-1	3642-3648	измени	action[90]	
96-2	3649-3653	свой	action[90]	
96-3	3654-3660	вектор	action[90]	
96-4	3661-3663	на	_	
96-5	3664-3679	противоположный	degshours	

#Text=action=rotate_on;direction=dir_left;degshours=180
97-1	3681-3687	action	_	
97-2	3687-3688	=	_	
97-3	3688-3697	rotate_on	_	
97-4	3697-3698	;	_	
97-5	3698-3707	direction	_	
97-6	3707-3708	=	_	
97-7	3708-3716	dir_left	_	
97-8	3716-3717	;	_	
97-9	3717-3726	degshours	_	
97-10	3726-3727	=	_	
97-11	3727-3730	180	_	

#Text=\u0447\u0442\u043E \u044D\u0442\u043E \u0441\u0437\u0430\u0434\u0438 \u0442\u0435\u0431\u044F?
98-1	3732-3735	что	_	
98-2	3736-3739	это	_	
98-3	3740-3745	сзади	degshours	
98-4	3746-3750	тебя	_	
98-5	3750-3751	?	_	

#Text=action=rotate_on;direction=dir_left;degshours=180
99-1	3753-3759	action	_	
99-2	3759-3760	=	_	
99-3	3760-3769	rotate_on	_	
99-4	3769-3770	;	_	
99-5	3770-3779	direction	_	
99-6	3779-3780	=	_	
99-7	3780-3788	dir_left	_	
99-8	3788-3789	;	_	
99-9	3789-3798	degshours	_	
99-10	3798-3799	=	_	
99-11	3799-3802	180	_	

#Text=\u043D\u0435\u043E\u0431\u0445\u043E\u0434\u0438\u043C\u043E \u043E\u0433\u043B\u044F\u043D\u0443\u0442\u044C\u0441\u044F \u043D\u0430\u0437\u0430\u0434
100-1	3804-3814	необходимо	_	
100-2	3815-3825	оглянуться	action	
100-3	3826-3831	назад	degshours	
