#FORMAT=WebAnno TSV 3.1
#T_SP=de.tudarmstadt.ukp.dkpro.core.api.ner.type.NamedEntity|value


#Text=action=move_to; nearest=nearest_from_type; object1=house
1-1	0-6	action	_	
1-2	6-7	=	_	
1-3	7-14	move_to	_	
1-4	14-15	;	_	
1-5	16-23	nearest	_	
1-6	23-24	=	_	
1-7	24-41	nearest_from_type	_	
1-8	41-42	;	_	
1-9	43-50	object1	_	
1-10	50-51	=	_	
1-11	51-56	house	_	

#Text=\u0434\u043E\u0431\u0435\u0440\u0438\u0441\u044C \u0434\u043E \u0441\u0430\u043C\u043E\u0433\u043E \u0431\u043B\u0438\u0437\u043A\u043E\u0433\u043E \u0434\u043E\u043C\u0430
2-1	58-66	доберись	action	
2-2	67-69	до	_	
2-3	70-76	самого	_	
2-4	77-85	близкого	nearest	
2-5	86-90	дома	object1	

#Text=action=move_to; nearest=nearest_from_type; object1=lamp_post
3-1	92-98	action	_	
3-2	98-99	=	_	
3-3	99-106	move_to	_	
3-4	106-107	;	_	
3-5	108-115	nearest	_	
3-6	115-116	=	_	
3-7	116-133	nearest_from_type	_	
3-8	133-134	;	_	
3-9	135-142	object1	_	
3-10	142-143	=	_	
3-11	143-152	lamp_post	_	

#Text=\u043F\u0440\u0438\u043C\u0447\u0438 \u043A \u0431\u043B\u0438\u0436\u0430\u0439\u0448\u0435\u043C\u0443 \u0444\u043E\u043D\u0430\u0440\u043D\u043E\u043C\u0443 \u0441\u0442\u043E\u043B\u0431\u0443
4-1	154-160	примчи	action	
4-2	161-162	к	_	
4-3	163-173	ближайшему	nearest	
4-4	174-183	фонарному	object1[6]	
4-5	184-190	столбу	object1[6]	

#Text=action=move_to; nearest=nearest_from_type; object1=tree
5-1	192-198	action	_	
5-2	198-199	=	_	
5-3	199-206	move_to	_	
5-4	206-207	;	_	
5-5	208-215	nearest	_	
5-6	215-216	=	_	
5-7	216-233	nearest_from_type	_	
5-8	233-234	;	_	
5-9	235-242	object1	_	
5-10	242-243	=	_	
5-11	243-247	tree	_	

#Text=\u0441\u043B\u0435\u0434\u0443\u0439 \u043A \u0432\u044B\u0441\u043E\u043A\u043E\u043C\u0443 \u0434\u0435\u0440\u0435\u0432\u0443, \u043A\u043E\u0442\u043E\u0440\u043E\u0435 \u0440\u0430\u0441\u043F\u043E\u043B\u0430\u0433\u0435\u0442\u0441\u044F \u043D\u0430 \u043A\u0440\u0430\u0442\u0447\u0430\u0439\u0448\u0435\u043C \u043E\u0442 \u0442\u0435\u0431\u044F \u0440\u0430\u0441\u0441\u0442\u043E\u044F\u043D\u0438\u0438
6-1	249-255	следуй	action	
6-2	256-257	к	_	
6-3	258-266	высокому	object1[8]	
6-4	267-273	дереву	object1[8]	
6-5	273-274	,	_	
6-6	275-282	которое	_	
6-7	283-295	располагется	_	
6-8	296-298	на	_	
6-9	299-309	кратчайшем	nearest[9]	
6-10	310-312	от	nearest[9]	
6-11	313-317	тебя	nearest[9]	
6-12	318-328	расстоянии	nearest[9]	

#Text=action=move_to; nearest=nearest_from_type; object1=broken_tree
7-1	330-336	action	_	
7-2	336-337	=	_	
7-3	337-344	move_to	_	
7-4	344-345	;	_	
7-5	346-353	nearest	_	
7-6	353-354	=	_	
7-7	354-371	nearest_from_type	_	
7-8	371-372	;	_	
7-9	373-380	object1	_	
7-10	380-381	=	_	
7-11	381-392	broken_tree	_	

#Text=\u0442\u0435\u0431\u0435 \u043D\u0443\u0436\u043D\u043E \u043F\u0440\u0438\u0431\u043B\u0438\u0437\u0438\u0442\u044C\u0441\u044F \u043A \u0441\u0430\u043C\u043E\u043C\u0443 \u043D\u0435\u0434\u0430\u043B\u0435\u043A\u043E\u043C\u0443 \u0441\u043B\u043E\u043C\u0430\u043D\u043D\u043E\u043C\u0443 \u0441\u0442\u0432\u043E\u043B\u0443
8-1	394-398	тебе	_	
8-2	399-404	нужно	action[10]	
8-3	405-417	приблизиться	action[10]	
8-4	418-419	к	_	
8-5	420-426	самому	_	
8-6	427-437	недалекому	nearest	
8-7	438-448	сломанному	object1[12]	
8-8	449-455	стволу	object1[12]	

#Text=action=move_to; nearest=nearest_from_type; object1=rock
9-1	457-463	action	_	
9-2	463-464	=	_	
9-3	464-471	move_to	_	
9-4	471-472	;	_	
9-5	473-480	nearest	_	
9-6	480-481	=	_	
9-7	481-498	nearest_from_type	_	
9-8	498-499	;	_	
9-9	500-507	object1	_	
9-10	507-508	=	_	
9-11	508-512	rock	_	

#Text=\u043F\u0440\u0438\u0434\u0432\u0438\u043D\u044C\u0441\u044F \u043A \u0431\u043B\u0438\u0436\u0430\u0439\u0448\u0435\u043C\u0443 \u0431\u0443\u043B\u044B\u0436\u043D\u0438\u043A\u0443
10-1	514-524	придвинься	action	
10-2	525-526	к	_	
10-3	527-537	ближайшему	nearest	
10-4	538-547	булыжнику	object1	

#Text=action=move_to; nearest=nearest_from_type; object1=car
11-1	550-556	action	_	
11-2	556-557	=	_	
11-3	557-564	move_to	_	
11-4	564-565	;	_	
11-5	566-573	nearest	_	
11-6	573-574	=	_	
11-7	574-591	nearest_from_type	_	
11-8	591-592	;	_	
11-9	593-600	object1	_	
11-10	600-601	=	_	
11-11	601-604	car	_	

#Text=\u0442\u0435\u0431\u0435 \u0441\u043B\u0435\u0434\u0443\u0435\u0442 \u043F\u043E\u0434\u043E\u0439\u0442\u0438 \u043A \u0430\u0432\u0442\u043E\u043C\u043E\u0431\u0438\u043B\u044E \u043D\u0435\u043F\u043E\u0434\u0430\u043B\u0435\u043A\u0443
12-1	606-610	тебе	_	
12-2	611-618	следует	_	
12-3	619-626	подойти	action	
12-4	627-628	к	_	
12-5	629-639	автомобилю	object1	
12-6	640-650	неподалеку	nearest	

#Text=action=move_to; nearest=nearest_from_type; object1=fissure
13-1	652-658	action	_	
13-2	658-659	=	_	
13-3	659-666	move_to	_	
13-4	666-667	;	_	
13-5	668-675	nearest	_	
13-6	675-676	=	_	
13-7	676-693	nearest_from_type	_	
13-8	693-694	;	_	
13-9	695-702	object1	_	
13-10	702-703	=	_	
13-11	703-710	fissure	_	

#Text=\u043F\u043E\u0434\u043A\u0440\u0430\u0434\u0438\u0441\u044C \u043A \u0431\u043B\u0438\u0437\u0440\u0430\u0441\u043F\u043E\u043B\u043E\u0436\u0435\u043D\u043D\u043E\u043C\u0443 \u043F\u0440\u043E\u043B\u043E\u043C\u0443
14-1	712-722	подкрадись	action	
14-2	723-724	к	_	
14-3	725-743	близрасположенному	nearest	
14-4	744-751	пролому	object1	

#Text=action=move_to; nearest=nearest_from_type; object1=human
15-1	753-759	action	_	
15-2	759-760	=	_	
15-3	760-767	move_to	_	
15-4	767-768	;	_	
15-5	769-776	nearest	_	
15-6	776-777	=	_	
15-7	777-794	nearest_from_type	_	
15-8	794-795	;	_	
15-9	796-803	object1	_	
15-10	803-804	=	_	
15-11	804-809	human	_	

#Text=\u043F\u0440\u043E\u0441\u043B\u0435\u0434\u0443\u0439 \u043A \u0431\u043B\u0438\u0437\u0441\u0442\u043E\u044F\u0449\u0435\u043C\u0443 \u043C\u0443\u0436\u0447\u0438\u043D\u0435
16-1	811-820	проследуй	action	
16-2	821-822	к	_	
16-3	823-835	близстоящему	nearest	
16-4	836-843	мужчине	object1	

#Text=action=find; nearest=nearest_from_type; object1=forest
17-1	845-851	action	_	
17-2	851-852	=	_	
17-3	852-856	find	_	
17-4	856-857	;	_	
17-5	858-865	nearest	_	
17-6	865-866	=	_	
17-7	866-883	nearest_from_type	_	
17-8	883-884	;	_	
17-9	885-892	object1	_	
17-10	892-893	=	_	
17-11	893-899	forest	_	

#Text=\u043F\u043E\u0438\u0449\u0438 \u0441\u0430\u043C\u044B\u0439 \u0431\u043B\u0438\u0437\u043A\u0438\u0439 \u043E\u0442 \u0442\u0435\u0431\u044F \u043B\u0435\u0441\u043E\u043A
18-1	901-906	поищи	action	
18-2	907-912	самый	_	
18-3	913-920	близкий	nearest	
18-4	921-923	от	_	
18-5	924-928	тебя	_	
18-6	929-934	лесок	object1	

#Text=action=find; nearest=nearest_from_type; object1=rock
19-1	936-942	action	_	
19-2	942-943	=	_	
19-3	943-947	find	_	
19-4	947-948	;	_	
19-5	949-956	nearest	_	
19-6	956-957	=	_	
19-7	957-974	nearest_from_type	_	
19-8	974-975	;	_	
19-9	976-983	object1	_	
19-10	983-984	=	_	
19-11	984-988	rock	_	

#Text=\u043F\u0440\u043E\u0432\u0435\u0434\u0438 \u043F\u043E\u0438\u0441\u043A \u0431\u043B\u0438\u0437\u043B\u0435\u0436\u0430\u0449\u0435\u0433\u043E \u043A\u0430\u043C\u043D\u044F
20-1	990-997	проведи	_	
20-2	998-1003	поиск	action	
20-3	1004-1016	близлежащего	nearest	
20-4	1017-1022	камня	object1	

#Text=action=find; nearest=nearest_from_type; object1=tree
21-1	1024-1030	action	_	
21-2	1030-1031	=	_	
21-3	1031-1035	find	_	
21-4	1035-1036	;	_	
21-5	1037-1044	nearest	_	
21-6	1044-1045	=	_	
21-7	1045-1062	nearest_from_type	_	
21-8	1062-1063	;	_	
21-9	1064-1071	object1	_	
21-10	1071-1072	=	_	
21-11	1072-1076	tree	_	

#Text=\u043E\u0442\u044B\u0449\u0438 \u0432\u044B\u0441\u043E\u043A\u043E\u0435 \u0440\u0430\u0441\u0442\u0435\u043D\u0438\u0435 \u043D\u0430 \u043A\u0440\u0430\u0442\u0447\u0430\u0439\u0448\u0435\u043C \u043E\u0442 \u0442\u0435\u0431\u044F \u0440\u0430\u0441\u0441\u0442\u043E\u044F\u043D\u0438\u0438
22-1	1078-1083	отыщи	action	
22-2	1084-1091	высокое	_	
22-3	1092-1100	растение	object1	
22-4	1101-1103	на	_	
22-5	1104-1114	кратчайшем	nearest[33]	
22-6	1115-1117	от	nearest[33]	
22-7	1118-1122	тебя	nearest[33]	
22-8	1123-1133	расстоянии	nearest[33]	

#Text=action=find; nearest=nearest_from_type; object1=pit
23-1	1136-1142	action	_	
23-2	1142-1143	=	_	
23-3	1143-1147	find	_	
23-4	1147-1148	;	_	
23-5	1149-1156	nearest	_	
23-6	1156-1157	=	_	
23-7	1157-1174	nearest_from_type	_	
23-8	1174-1175	;	_	
23-9	1176-1183	object1	_	
23-10	1183-1184	=	_	
23-11	1184-1187	pit	_	

#Text=\u0440\u0430\u0437\u044B\u0449\u0438 \u043D\u0435\u0434\u0430\u043B\u0435\u043A\u043E\u0435 \u0443\u0433\u043B\u0443\u0431\u043B\u0435\u043D\u0438\u0435 \u0432 \u0437\u0435\u043C\u043B\u0435
24-1	1189-1195	разыщи	action	
24-2	1196-1205	недалекое	nearest	
24-3	1206-1216	углубление	object1[36]	
24-4	1217-1218	в	object1[36]	
24-5	1219-1224	земле	object1[36]	

#Text=action=find; nearest=nearest_from_type; object1=house
25-1	1226-1232	action	_	
25-2	1232-1233	=	_	
25-3	1233-1237	find	_	
25-4	1237-1238	;	_	
25-5	1239-1246	nearest	_	
25-6	1246-1247	=	_	
25-7	1247-1264	nearest_from_type	_	
25-8	1264-1265	;	_	
25-9	1266-1273	object1	_	
25-10	1273-1274	=	_	
25-11	1274-1279	house	_	

#Text=\u0442\u0435\u0431\u0435 \u0441\u043B\u0435\u0434\u0443\u0435\u0442 \u043D\u0430\u0439\u0442\u0438 \u0441\u0430\u043C\u043E\u0435 \u0431\u043B\u0438\u0437\u043A\u043E\u0435 \u0441\u0442\u0440\u043E\u0435\u043D\u0438\u0435
26-1	1281-1285	тебе	_	
26-2	1286-1293	следует	_	
26-3	1294-1299	найти	action	
26-4	1300-1305	самое	_	
26-5	1306-1313	близкое	nearest	
26-6	1314-1322	строение	object1	

#Text=action=find; nearest=nearest_from_type; object1=hill
27-1	1324-1330	action	_	
27-2	1330-1331	=	_	
27-3	1331-1335	find	_	
27-4	1335-1336	;	_	
27-5	1337-1344	nearest	_	
27-6	1344-1345	=	_	
27-7	1345-1362	nearest_from_type	_	
27-8	1362-1363	;	_	
27-9	1364-1371	object1	_	
27-10	1371-1372	=	_	
27-11	1372-1376	hill	_	

#Text=\u043D\u0435\u043E\u0431\u0445\u043E\u0434\u0438\u043C\u043E \u043E\u0442\u044B\u0441\u043A\u0430\u0442\u044C \u0431\u0443\u0433\u043E\u0440, \u043A\u043E\u0442\u043E\u0440\u044B\u0439 \u043D\u0430\u0445\u043E\u0434\u0438\u0442\u0441\u044F \u043F\u0440\u044F\u043C\u043E \u0440\u044F\u0434\u043E\u043C \u0441 \u0442\u043E\u0431\u043E\u0439
28-1	1378-1388	необходимо	_	
28-2	1389-1397	отыскать	action	
28-3	1398-1403	бугор	object1	
28-4	1403-1404	,	_	
28-5	1405-1412	который	_	
28-6	1413-1422	находится	_	
28-7	1423-1428	прямо	_	
28-8	1429-1434	рядом	nearest[42]	
28-9	1435-1436	с	nearest[42]	
28-10	1437-1442	тобой	nearest[42]	

#Text=action=find; nearest=nearest_from_type; object1=human
29-1	1444-1450	action	_	
29-2	1450-1451	=	_	
29-3	1451-1455	find	_	
29-4	1455-1456	;	_	
29-5	1457-1464	nearest	_	
29-6	1464-1465	=	_	
29-7	1465-1482	nearest_from_type	_	
29-8	1482-1483	;	_	
29-9	1484-1491	object1	_	
29-10	1491-1492	=	_	
29-11	1492-1497	human	_	

#Text=\u043D\u0443\u0436\u043D\u043E \u043E\u0441\u0443\u0449\u0435\u0441\u0442\u0432\u0438\u0442\u044C \u043F\u043E\u0438\u0441\u043A \u0431\u043B\u0438\u0437\u0441\u0442\u043E\u044F\u0449\u0443\u044E \u043F\u0435\u0440\u0441\u043E\u043D\u0443
30-1	1499-1504	нужно	_	
30-2	1505-1516	осуществить	_	
30-3	1517-1522	поиск	action	
30-4	1523-1534	близстоящую	nearest	
30-5	1535-1542	персону	object1	

#Text=action=find; nearest=nearest_from_type; object1=car
31-1	1544-1550	action	_	
31-2	1550-1551	=	_	
31-3	1551-1555	find	_	
31-4	1555-1556	;	_	
31-5	1557-1564	nearest	_	
31-6	1564-1565	=	_	
31-7	1565-1582	nearest_from_type	_	
31-8	1582-1583	;	_	
31-9	1584-1591	object1	_	
31-10	1591-1592	=	_	
31-11	1592-1595	car	_	

#Text=\u0434\u0430\u0432\u0430\u0439-\u043A\u0430 \u043D\u0430\u0439\u0434\u0438 \u0431\u043B\u0438\u0436\u0430\u0439\u0448\u0443\u044E \u043C\u0430\u0448\u0438\u043D\u0443
32-1	1597-1605	давай-ка	_	
32-2	1606-1611	найди	action	
32-3	1612-1621	ближайшую	nearest	
32-4	1622-1628	машину	object1	

#Text=action=go_around; nearest=nearest_from_type; object1=tree
33-1	1630-1636	action	_	
33-2	1636-1637	=	_	
33-3	1637-1646	go_around	_	
33-4	1646-1647	;	_	
33-5	1648-1655	nearest	_	
33-6	1655-1656	=	_	
33-7	1656-1673	nearest_from_type	_	
33-8	1673-1674	;	_	
33-9	1675-1682	object1	_	
33-10	1682-1683	=	_	
33-11	1683-1687	tree	_	

#Text=\u043E\u0431\u044A\u0435\u0434\u044C \u0432\u043A\u0440\u0443\u0433 \u0431\u043B\u0438\u0437\u0441\u0442\u043E\u044F\u0449\u0438\u0439 \u0434\u0443\u0431
34-1	1689-1695	объедь	action	
34-2	1696-1701	вкруг	_	
34-3	1702-1713	близстоящий	nearest	
34-4	1714-1717	дуб	object1	

#Text=action=go_around; nearest=nearest_from_type; object1=hill
35-1	1719-1725	action	_	
35-2	1725-1726	=	_	
35-3	1726-1735	go_around	_	
35-4	1735-1736	;	_	
35-5	1737-1744	nearest	_	
35-6	1744-1745	=	_	
35-7	1745-1762	nearest_from_type	_	
35-8	1762-1763	;	_	
35-9	1764-1771	object1	_	
35-10	1771-1772	=	_	
35-11	1772-1776	hill	_	

#Text=\u043E\u0431\u043E\u0439\u0434\u0438 \u0441\u043E \u0432\u0441\u0435\u0445 \u0441\u0442\u043E\u0440\u043E\u043D \u0445\u043E\u043B\u043C\u0438\u043A \u043F\u0440\u044F\u043C\u043E \u0440\u044F\u0434\u043E\u043C \u0441 \u0442\u043E\u0431\u043E\u0439
36-1	1778-1784	обойди	action	
36-2	1785-1787	со	_	
36-3	1788-1792	всех	_	
36-4	1793-1799	сторон	_	
36-5	1800-1806	холмик	object1	
36-6	1807-1812	прямо	_	
36-7	1813-1818	рядом	nearest[54]	
36-8	1819-1820	с	nearest[54]	
36-9	1821-1826	тобой	nearest[54]	

#Text=action=go_around; nearest=nearest_from_type; object1=forest
37-1	1828-1834	action	_	
37-2	1834-1835	=	_	
37-3	1835-1844	go_around	_	
37-4	1844-1845	;	_	
37-5	1846-1853	nearest	_	
37-6	1853-1854	=	_	
37-7	1854-1871	nearest_from_type	_	
37-8	1871-1872	;	_	
37-9	1873-1880	object1	_	
37-10	1880-1881	=	_	
37-11	1881-1887	forest	_	

#Text=\u043D\u0435\u043E\u0431\u0445\u043E\u0434\u0438\u043C\u043E \u0441\u043E\u0432\u0435\u0440\u0448\u0438\u0442\u044C \u043E\u0431\u0445\u043E\u0434 \u0441\u0430\u043C\u043E\u0439 \u0431\u043B\u0438\u0437\u043A\u043E\u0439 \u043E\u0442 \u0442\u0435\u0431\u044F \u043B\u0435\u0441\u043E\u043F\u043E\u043B\u043E\u0441\u044B
38-1	1889-1899	необходимо	_	
38-2	1900-1909	совершить	_	
38-3	1910-1915	обход	action	
38-4	1916-1921	самой	_	
38-5	1922-1929	близкой	nearest	
38-6	1930-1932	от	_	
38-7	1933-1937	тебя	_	
38-8	1938-1948	лесополосы	object1	

#Text=action=go_around; nearest=nearest_from_type; object1=fissure
39-1	1950-1956	action	_	
39-2	1956-1957	=	_	
39-3	1957-1966	go_around	_	
39-4	1966-1967	;	_	
39-5	1968-1975	nearest	_	
39-6	1975-1976	=	_	
39-7	1976-1993	nearest_from_type	_	
39-8	1993-1994	;	_	
39-9	1995-2002	object1	_	
39-10	2002-2003	=	_	
39-11	2003-2010	fissure	_	

#Text=\u0434\u0430\u0432\u0430\u0439-\u043A\u0430 \u043E\u0431\u044A\u0435\u0434\u0435\u043C \u0440\u0430\u0437\u043B\u043E\u043C \u043D\u0430 \u043A\u0440\u0430\u0442\u0447\u0430\u0439\u0448\u0435\u043C \u043E\u0442 \u0442\u0435\u0431\u044F \u043F\u0443\u0442\u0438
40-1	2012-2020	давай-ка	_	
40-2	2021-2028	объедем	action	
40-3	2029-2035	разлом	object1	
40-4	2036-2038	на	nearest[60]	
40-5	2039-2049	кратчайшем	nearest[60]	
40-6	2050-2052	от	nearest[60]	
40-7	2053-2057	тебя	nearest[60]	
40-8	2058-2062	пути	nearest[60]	

#Text=action=go_around; nearest=nearest_from_type; object1=lamp_post
41-1	2064-2070	action	_	
41-2	2070-2071	=	_	
41-3	2071-2080	go_around	_	
41-4	2080-2081	;	_	
41-5	2082-2089	nearest	_	
41-6	2089-2090	=	_	
41-7	2090-2107	nearest_from_type	_	
41-8	2107-2108	;	_	
41-9	2109-2116	object1	_	
41-10	2116-2117	=	_	
41-11	2117-2126	lamp_post	_	

#Text=\u0431\u044B\u0441\u0442\u0440\u043E \u043E\u0431\u0431\u0435\u0433\u0438 \u0431\u043B\u0438\u0436\u0430\u0439\u0448\u0438\u0439 \u0444\u043E\u043D\u0430\u0440\u044C
42-1	2128-2134	быстро	_	
42-2	2135-2141	оббеги	action	
42-3	2142-2151	ближайший	nearest	
42-4	2152-2158	фонарь	object1	

#Text=action=go_around; nearest=nearest_from_type; object1=pit
43-1	2160-2166	action	_	
43-2	2166-2167	=	_	
43-3	2167-2176	go_around	_	
43-4	2176-2177	;	_	
43-5	2178-2185	nearest	_	
43-6	2185-2186	=	_	
43-7	2186-2203	nearest_from_type	_	
43-8	2203-2204	;	_	
43-9	2205-2212	object1	_	
43-10	2212-2213	=	_	
43-11	2213-2216	pit	_	

#Text=\u0442\u0435\u0431\u0435 \u043D\u0443\u0436\u043D\u043E \u043E\u0431\u0431\u0435\u0436\u0430\u0442\u044C \u0432\u043E\u043A\u0440\u0443\u0433 \u043A\u0430\u043D\u0430\u0432\u0443 \u043D\u0435\u043F\u043E\u0434\u0430\u043B\u0435\u043A\u0443
44-1	2218-2222	тебе	_	
44-2	2223-2228	нужно	_	
44-3	2229-2237	оббежать	action	
44-4	2238-2244	вокруг	_	
44-5	2245-2251	канаву	object1	
44-6	2252-2262	неподалеку	nearest	

#Text=action=go_around; nearest=nearest_from_type; object1=house
45-1	2264-2270	action	_	
45-2	2270-2271	=	_	
45-3	2271-2280	go_around	_	
45-4	2280-2281	;	_	
45-5	2282-2289	nearest	_	
45-6	2289-2290	=	_	
45-7	2290-2307	nearest_from_type	_	
45-8	2307-2308	;	_	
45-9	2309-2316	object1	_	
45-10	2316-2317	=	_	
45-11	2317-2322	house	_	

#Text=\u043E\u0441\u0443\u0449\u0435\u0441\u0442\u0432\u0438 \u043E\u0431\u0445\u043E\u0434 \u0441\u0430\u043C\u043E\u0433\u043E \u0431\u043B\u0438\u0437\u043A\u043E\u0433\u043E \u0437\u0434\u0430\u043D\u0438\u044F
46-1	2324-2333	осуществи	_	
46-2	2334-2339	обход	action	
46-3	2340-2346	самого	_	
46-4	2347-2355	близкого	nearest	
46-5	2356-2362	здания	object1	

#Text=action=go_around; nearest=nearest_from_type; object1=car
47-1	2364-2370	action	_	
47-2	2370-2371	=	_	
47-3	2371-2380	go_around	_	
47-4	2380-2381	;	_	
47-5	2382-2389	nearest	_	
47-6	2389-2390	=	_	
47-7	2390-2407	nearest_from_type	_	
47-8	2407-2408	;	_	
47-9	2409-2416	object1	_	
47-10	2416-2417	=	_	
47-11	2417-2420	car	_	

#Text=\u043D\u0443\u0436\u043D\u043E \u0441\u043E\u0432\u0435\u0440\u0448\u0438\u0442\u044C \u043E\u0431\u044A\u0435\u0437\u0434 \u043D\u0435\u0434\u0430\u043B\u0435\u043A\u043E\u0433\u043E \u0430\u0432\u0442\u043E\u043C\u043E\u0431\u0438\u043B\u044F
48-1	2422-2427	нужно	_	
48-2	2428-2437	совершить	_	
48-3	2438-2444	объезд	action	
48-4	2445-2455	недалекого	nearest	
48-5	2456-2466	автомобиля	object1	

#Text=action=monitor; nearest=nearest_from_type; object1=house
49-1	2468-2474	action	_	
49-2	2474-2475	=	_	
49-3	2475-2482	monitor	_	
49-4	2482-2483	;	_	
49-5	2484-2491	nearest	_	
49-6	2491-2492	=	_	
49-7	2492-2509	nearest_from_type	_	
49-8	2509-2510	;	_	
49-9	2511-2518	object1	_	
49-10	2518-2519	=	_	
49-11	2519-2524	house	_	

#Text=\u0440\u0430\u0437\u0433\u043B\u044F\u0434\u0438 \u0440\u0430\u0441\u043F\u043E\u043B\u043E\u0436\u0435\u043D\u043D\u043E\u0435 \u043F\u0440\u044F\u043C\u043E \u0440\u044F\u0434\u043E\u043C \u043E\u0442 \u0442\u0435\u0431\u044F \u0441\u0442\u0440\u043E\u0435\u043D\u0438\u0435
50-1	2526-2534	разгляди	action	
50-2	2535-2548	расположенное	_	
50-3	2549-2554	прямо	_	
50-4	2555-2560	рядом	nearest[74]	
50-5	2561-2563	от	nearest[74]	
50-6	2564-2568	тебя	nearest[74]	
50-7	2569-2577	строение	object1	

#Text=action=monitor; nearest=nearest_from_type; object1=tree
51-1	2579-2585	action	_	
51-2	2585-2586	=	_	
51-3	2586-2593	monitor	_	
51-4	2593-2594	;	_	
51-5	2595-2602	nearest	_	
51-6	2602-2603	=	_	
51-7	2603-2620	nearest_from_type	_	
51-8	2620-2621	;	_	
51-9	2622-2629	object1	_	
51-10	2629-2630	=	_	
51-11	2630-2634	tree	_	

#Text=\u0440\u0430\u0441\u0441\u043C\u043E\u0442\u0440\u0438 \u0431\u043B\u0438\u0437\u0441\u0442\u043E\u044F\u0449\u0435\u0435 \u0434\u0435\u0440\u0435\u0432\u0446\u043E
52-1	2636-2645	рассмотри	action	
52-2	2646-2657	близстоящее	nearest	
52-3	2658-2665	деревцо	object1	

#Text=action=monitor; nearest=nearest_from_type; object1=human
53-1	2668-2674	action	_	
53-2	2674-2675	=	_	
53-3	2675-2682	monitor	_	
53-4	2682-2683	;	_	
53-5	2684-2691	nearest	_	
53-6	2691-2692	=	_	
53-7	2692-2709	nearest_from_type	_	
53-8	2709-2710	;	_	
53-9	2711-2718	object1	_	
53-10	2718-2719	=	_	
53-11	2719-2724	human	_	

#Text=\u0443\u0441\u0442\u0430\u043D\u043E\u0432\u0438 \u0437\u0440\u0438\u0442\u0435\u043B\u044C\u043D\u044B\u0439 \u043A\u043E\u043D\u0442\u0430\u043A\u0442 \u0441 \u0441\u0430\u043C\u044B\u043C \u0431\u043B\u0438\u0437\u043A\u0438\u043C \u043C\u0430\u043B\u044C\u0447\u0438\u043A\u043E\u043C
54-1	2726-2734	установи	action[79]	
54-2	2735-2745	зрительный	action[79]	
54-3	2746-2753	контакт	action[79]	
54-4	2754-2755	с	_	
54-5	2756-2761	самым	_	
54-6	2762-2769	близким	nearest	
54-7	2770-2779	мальчиком	object1	

#Text=action=monitor; nearest=nearest_from_type; object1=hill
55-1	2781-2787	action	_	
55-2	2787-2788	=	_	
55-3	2788-2795	monitor	_	
55-4	2795-2796	;	_	
55-5	2797-2804	nearest	_	
55-6	2804-2805	=	_	
55-7	2805-2822	nearest_from_type	_	
55-8	2822-2823	;	_	
55-9	2824-2831	object1	_	
55-10	2831-2832	=	_	
55-11	2832-2836	hill	_	

#Text=\u043E\u0433\u043B\u044F\u0434\u0438 \u0441\u043E \u0432\u0441\u0435\u0445 \u0441\u0442\u043E\u0440\u043E\u043D \u0431\u0443\u0433\u043E\u0440\u043E\u043A, \u0441\u0442\u043E\u044F\u0449\u0438\u0439 \u043F\u0440\u044F\u043C\u043E \u0440\u044F\u0434\u043E\u043C \u0441 \u0442\u043E\u0431\u043E\u0439
56-1	2838-2844	огляди	action	
56-2	2845-2847	со	_	
56-3	2848-2852	всех	_	
56-4	2853-2859	сторон	_	
56-5	2860-2867	бугорок	object1	
56-6	2867-2868	,	_	
56-7	2869-2876	стоящий	_	
56-8	2877-2882	прямо	_	
56-9	2883-2888	рядом	nearest[84]	
56-10	2889-2890	с	nearest[84]	
56-11	2891-2896	тобой	nearest[84]	

#Text=action=monitor; nearest=nearest_from_type; object1=rock
57-1	2898-2904	action	_	
57-2	2904-2905	=	_	
57-3	2905-2912	monitor	_	
57-4	2912-2913	;	_	
57-5	2914-2921	nearest	_	
57-6	2921-2922	=	_	
57-7	2922-2939	nearest_from_type	_	
57-8	2939-2940	;	_	
57-9	2941-2948	object1	_	
57-10	2948-2949	=	_	
57-11	2949-2953	rock	_	

#Text=\u043F\u043E\u0441\u043C\u043E\u0442\u0440\u0438 \u043D\u0430 \u0441\u043E\u0441\u0435\u0434\u0441\u0442\u0432\u0443\u044E\u0449\u0438\u0439 \u0441 \u0442\u043E\u0431\u043E\u0439 \u0431\u0443\u043B\u044B\u0436\u043D\u0438\u043A
58-1	2955-2963	посмотри	action	
58-2	2964-2966	на	_	
58-3	2967-2980	соседствующий	nearest	
58-4	2981-2982	с	_	
58-5	2983-2988	тобой	_	
58-6	2989-2997	булыжник	object1	

#Text=action=monitor; nearest=nearest_from_type; object1=car
59-1	2999-3005	action	_	
59-2	3005-3006	=	_	
59-3	3006-3013	monitor	_	
59-4	3013-3014	;	_	
59-5	3015-3022	nearest	_	
59-6	3022-3023	=	_	
59-7	3023-3040	nearest_from_type	_	
59-8	3040-3041	;	_	
59-9	3042-3049	object1	_	
59-10	3049-3050	=	_	
59-11	3050-3053	car	_	

#Text=\u0442\u0435\u0431\u0435 \u043D\u0443\u0436\u043D\u043E \u043E\u0441\u043C\u043E\u0442\u0440\u0435\u0442\u044C \u043C\u0430\u0448\u0438\u043D\u0443 \u043D\u0430 \u043A\u0440\u0430\u0442\u0447\u0430\u0439\u0448\u0435\u0439 \u0434\u0438\u0441\u0442\u0430\u043D\u0446\u0438\u0438 \u043E\u0442 \u0442\u0435\u0431\u044F
60-1	3055-3059	тебе	_	
60-2	3060-3065	нужно	_	
60-3	3066-3075	осмотреть	action	
60-4	3076-3082	машину	object1	
60-5	3083-3085	на	nearest[90]	
60-6	3086-3096	кратчайшей	nearest[90]	
60-7	3097-3106	дистанции	nearest[90]	
60-8	3107-3109	от	nearest[90]	
60-9	3110-3114	тебя	nearest[90]	

#Text=action=monitor; nearest=nearest_from_type; object1=forest
61-1	3116-3122	action	_	
61-2	3122-3123	=	_	
61-3	3123-3130	monitor	_	
61-4	3130-3131	;	_	
61-5	3132-3139	nearest	_	
61-6	3139-3140	=	_	
61-7	3140-3157	nearest_from_type	_	
61-8	3157-3158	;	_	
61-9	3159-3166	object1	_	
61-10	3166-3167	=	_	
61-11	3167-3173	forest	_	

#Text=\u043D\u0443\u0436\u043D\u043E \u0432\u043D\u0438\u043C\u0430\u0442\u0435\u043B\u044C\u043D\u043E \u043E\u0433\u043B\u044F\u0434\u0435\u0442\u044C \u043D\u0435\u0434\u0430\u043B\u0435\u043A\u0438\u0439 \u0431\u043E\u0440
62-1	3175-3180	нужно	_	
62-2	3181-3192	внимательно	_	
62-3	3193-3201	оглядеть	action	
62-4	3202-3211	недалекий	nearest	
62-5	3212-3215	бор	object1	

#Text=action=monitor; nearest=nearest_from_type; object1=fissure
63-1	3217-3223	action	_	
63-2	3223-3224	=	_	
63-3	3224-3231	monitor	_	
63-4	3231-3232	;	_	
63-5	3233-3240	nearest	_	
63-6	3240-3241	=	_	
63-7	3241-3258	nearest_from_type	_	
63-8	3258-3259	;	_	
63-9	3260-3267	object1	_	
63-10	3267-3268	=	_	
63-11	3268-3275	fissure	_	

#Text=\u043F\u0440\u043E\u0438\u0437\u0432\u0435\u0434\u0438 \u043E\u0441\u043C\u043E\u0442\u0440 \u0440\u0430\u0437\u043B\u043E\u043C\u0430, \u0431\u043B\u0438\u0437\u043B\u0435\u0436\u0430\u0449\u0435\u0433\u043E \u043A \u0442\u0435\u0431\u0435
64-1	3277-3286	произведи	action[94]	
64-2	3287-3293	осмотр	action[94]	
64-3	3294-3301	разлома	object1	
64-4	3301-3302	,	_	
64-5	3303-3315	близлежащего	nearest	
64-6	3316-3317	к	_	
64-7	3318-3322	тебе	_	

#Text=action=analyze; nearest=nearest_from_type; object1=lamp_post
65-1	3324-3330	action	_	
65-2	3330-3331	=	_	
65-3	3331-3338	analyze	_	
65-4	3338-3339	;	_	
65-5	3340-3347	nearest	_	
65-6	3347-3348	=	_	
65-7	3348-3365	nearest_from_type	_	
65-8	3365-3366	;	_	
65-9	3367-3374	object1	_	
65-10	3374-3375	=	_	
65-11	3375-3384	lamp_post	_	

#Text=\u0438\u0437\u0443\u0447\u0438 \u0441\u0432\u043E\u0439\u0441\u0442\u0432\u0430 \u0441\u043E\u0441\u0435\u0434\u043D\u0435\u0433\u043E \u0444\u043E\u043D\u0430\u0440\u043D\u043E\u0433\u043E \u0441\u0442\u043E\u043B\u0431\u0430
66-1	3386-3391	изучи	action	
66-2	3392-3400	свойства	_	
66-3	3401-3410	соседнего	nearest	
66-4	3411-3420	фонарного	object1[99]	
66-5	3421-3427	столба	object1[99]	

#Text=action=analyze; nearest=nearest_from_type; object1=fissure
67-1	3429-3435	action	_	
67-2	3435-3436	=	_	
67-3	3436-3443	analyze	_	
67-4	3443-3444	;	_	
67-5	3445-3452	nearest	_	
67-6	3452-3453	=	_	
67-7	3453-3470	nearest_from_type	_	
67-8	3470-3471	;	_	
67-9	3472-3479	object1	_	
67-10	3479-3480	=	_	
67-11	3480-3487	fissure	_	

#Text=\u0442\u0435\u0431\u0435 \u043D\u0443\u0436\u043D\u043E \u0438\u0441\u0441\u043B\u0435\u0434\u043E\u0432\u0430\u0442\u044C \u0431\u043B\u0438\u0436\u0430\u0439\u0448\u0443\u044E \u0442\u0440\u0435\u0449\u0438\u043D\u0443 \u0432 \u0437\u0435\u043C\u043B\u0435
68-1	3489-3493	тебе	_	
68-2	3494-3499	нужно	_	
68-3	3500-3511	исследовать	action	
68-4	3512-3521	ближайшую	nearest	
68-5	3522-3529	трещину	object1[102]	
68-6	3530-3531	в	object1[102]	
68-7	3532-3537	земле	object1[102]	

#Text=action=analyze; nearest=nearest_from_type; object1=broken_tree
69-1	3539-3545	action	_	
69-2	3545-3546	=	_	
69-3	3546-3553	analyze	_	
69-4	3553-3554	;	_	
69-5	3555-3562	nearest	_	
69-6	3562-3563	=	_	
69-7	3563-3580	nearest_from_type	_	
69-8	3580-3581	;	_	
69-9	3582-3589	object1	_	
69-10	3589-3590	=	_	
69-11	3590-3601	broken_tree	_	

#Text=\u043F\u0440\u043E\u0432\u0435\u0434\u0438 \u0430\u043D\u0430\u043B\u0438\u0437 \u0431\u043B\u0438\u0437\u043B\u0435\u0436\u0430\u0449\u0435\u0433\u043E \u043F\u043E\u043B\u043E\u043C\u0430\u043D\u043D\u043E\u0433\u043E \u0434\u0435\u0440\u0435\u0432\u0430
70-1	3603-3610	проведи	_	
70-2	3611-3617	анализ	action	
70-3	3618-3630	близлежащего	nearest	
70-4	3631-3642	поломанного	object1[105]	
70-5	3643-3649	дерева	object1[105]	

#Text=action=analyze; nearest=nearest_from_type; object1=man_lay
71-1	3651-3657	action	_	
71-2	3657-3658	=	_	
71-3	3658-3665	analyze	_	
71-4	3665-3666	;	_	
71-5	3667-3674	nearest	_	
71-6	3674-3675	=	_	
71-7	3675-3692	nearest_from_type	_	
71-8	3692-3693	;	_	
71-9	3694-3701	object1	_	
71-10	3701-3702	=	_	
71-11	3702-3709	man_lay	_	

#Text=\u0431\u043B\u0438\u0436\u043D\u0435\u0433\u043E \u043B\u0435\u0436\u0430\u0449\u0435\u0433\u043E \u0441\u0442\u0430\u0440\u0438\u043A\u0430 \u043D\u0435\u043E\u0431\u0445\u043E\u0434\u0438\u043C\u043E \u0442\u0449\u0430\u0442\u0435\u043B\u044C\u043D\u043E \u0438\u0437\u0443\u0447\u0438\u0442\u044C
72-1	3711-3719	ближнего	nearest	
72-2	3720-3728	лежащего	object1[107]	
72-3	3729-3736	старика	object1[107]	
72-4	3737-3747	необходимо	_	
72-5	3748-3757	тщательно	_	
72-6	3758-3765	изучить	action	

#Text=action=analyze; nearest=nearest_from_type; object1=car
73-1	3767-3773	action	_	
73-2	3773-3774	=	_	
73-3	3774-3781	analyze	_	
73-4	3781-3782	;	_	
73-5	3783-3790	nearest	_	
73-6	3790-3791	=	_	
73-7	3791-3808	nearest_from_type	_	
73-8	3808-3809	;	_	
73-9	3810-3817	object1	_	
73-10	3817-3818	=	_	
73-11	3818-3821	car	_	

#Text=\u0434\u0430\u0432\u0430\u0439-\u043A\u0430 \u0438\u0437\u0443\u0447\u0438\u043C \u0430\u0432\u0442\u043E\u043C\u043E\u0431\u0438\u043B\u044C,\u043D\u0430\u0445\u043E\u0434\u044F\u0449\u0438\u0439\u0441\u044F \u043D\u0435\u043F\u043E\u0434\u0430\u043B\u0435\u043A\u0443 \u043E\u0442 \u0442\u0435\u0431\u044F
74-1	3823-3831	давай-ка	_	
74-2	3832-3838	изучим	action	
74-3	3839-3849	автомобиль	object1	
74-4	3849-3850	,	_	
74-5	3850-3861	находящийся	_	
74-6	3862-3872	неподалеку	nearest	
74-7	3873-3875	от	_	
74-8	3876-3880	тебя	_	

#Text=action=analyze; nearest=nearest_from_type; object1=tree
75-1	3882-3888	action	_	
75-2	3888-3889	=	_	
75-3	3889-3896	analyze	_	
75-4	3896-3897	;	_	
75-5	3898-3905	nearest	_	
75-6	3905-3906	=	_	
75-7	3906-3923	nearest_from_type	_	
75-8	3923-3924	;	_	
75-9	3925-3932	object1	_	
75-10	3932-3933	=	_	
75-11	3933-3937	tree	_	

#Text=\u0441\u043B\u0435\u0434\u0443\u0435\u0442 \u0438\u0441\u0441\u043B\u0435\u0434\u043E\u0432\u0430\u0442\u044C \u043E\u0441\u0438\u043D\u043A\u0443, \u0440\u0430\u0441\u043F\u043E\u043B\u043E\u0436\u0435\u043D\u043D\u043E\u0435 \u0431\u043B\u0438\u0437\u043A\u043E \u043A \u0442\u0435\u0431\u0435
76-1	3939-3946	следует	_	
76-2	3947-3958	исследовать	action	
76-3	3959-3965	осинку	object1	
76-4	3965-3966	,	_	
76-5	3967-3980	расположенное	_	
76-6	3981-3987	близко	nearest	
76-7	3988-3989	к	_	
76-8	3990-3994	тебе	_	

#Text=action=analyze; nearest=nearest_from_type; object1=hill
77-1	3996-4002	action	_	
77-2	4002-4003	=	_	
77-3	4003-4010	analyze	_	
77-4	4010-4011	;	_	
77-5	4012-4019	nearest	_	
77-6	4019-4020	=	_	
77-7	4020-4037	nearest_from_type	_	
77-8	4037-4038	;	_	
77-9	4039-4046	object1	_	
77-10	4046-4047	=	_	
77-11	4047-4051	hill	_	

#Text=\u043E\u0441\u0443\u0449\u0435\u0441\u0442\u0432\u0438 \u0442\u0449\u0430\u0442\u0435\u043B\u044C\u043D\u043E\u0435 \u0438\u0441\u0441\u043B\u0435\u0434\u043E\u0432\u0430\u043D\u0438\u0435 \u0445\u043E\u043B\u043C\u0438\u043A\u0430 \u043D\u0430 \u043A\u0440\u0430\u0442\u0447\u0430\u0439\u0448\u0435\u043C \u0440\u0430\u0441\u0441\u0442\u043E\u044F\u043D\u0438\u0438 \u043E\u0442 \u0442\u0435\u0431\u044F
78-1	4053-4062	осуществи	_	
78-2	4063-4073	тщательное	_	
78-3	4074-4086	исследование	action	
78-4	4087-4094	холмика	object1	
78-5	4095-4097	на	_	
78-6	4098-4108	кратчайшем	nearest[117]	
78-7	4109-4119	расстоянии	nearest[117]	
78-8	4120-4122	от	_	
78-9	4123-4127	тебя	_	

#Text=action=analyze; nearest=nearest_from_type; object1=forest
79-1	4129-4135	action	_	
79-2	4135-4136	=	_	
79-3	4136-4143	analyze	_	
79-4	4143-4144	;	_	
79-5	4145-4152	nearest	_	
79-6	4152-4153	=	_	
79-7	4153-4170	nearest_from_type	_	
79-8	4170-4171	;	_	
79-9	4172-4179	object1	_	
79-10	4179-4180	=	_	
79-11	4180-4186	forest	_	

#Text=\u043D\u0443\u0436\u043D\u043E \u0438\u0437\u0443\u0447\u0438\u0442\u044C \u0440\u043E\u0449\u0443 \u0431\u043B\u0438\u0437\u043A\u043E \u043A \u0442\u0435\u0431\u0435
80-1	4188-4193	нужно	_	
80-2	4194-4201	изучить	action	
80-3	4202-4206	рощу	object1	
80-4	4207-4213	близко	nearest	
80-5	4214-4215	к	_	
80-6	4216-4220	тебе	_	

#Text=action=rotate_to; nearest=nearest_from_type; object1=lamp_post
81-1	4222-4228	action	_	
81-2	4228-4229	=	_	
81-3	4229-4238	rotate_to	_	
81-4	4238-4239	;	_	
81-5	4240-4247	nearest	_	
81-6	4247-4248	=	_	
81-7	4248-4265	nearest_from_type	_	
81-8	4265-4266	;	_	
81-9	4267-4274	object1	_	
81-10	4274-4275	=	_	
81-11	4275-4284	lamp_post	_	

#Text=\u0442\u0435\u0431\u0435 \u043D\u0443\u0436\u043D\u043E \u043F\u043E\u0441\u043C\u043E\u0442\u0440\u0435\u0442\u044C \u0432 \u0441\u0442\u043E\u0440\u043E\u043D\u0443 \u0431\u043B\u0438\u0441\u0442\u043E\u044F\u0449\u0435\u0433\u043E \u0444\u043E\u043D\u0430\u0440\u044F
82-1	4286-4290	тебе	_	
82-2	4291-4296	нужно	_	
82-3	4297-4307	посмотреть	action	
82-4	4308-4309	в	_	
82-5	4310-4317	сторону	_	
82-6	4318-4329	блистоящего	nearest	
82-7	4330-4336	фонаря	object1	

#Text=action=rotate_to; nearest=nearest_from_type; object1=hill
83-1	4338-4344	action	_	
83-2	4344-4345	=	_	
83-3	4345-4354	rotate_to	_	
83-4	4354-4355	;	_	
83-5	4356-4363	nearest	_	
83-6	4363-4364	=	_	
83-7	4364-4381	nearest_from_type	_	
83-8	4381-4382	;	_	
83-9	4383-4390	object1	_	
83-10	4390-4391	=	_	
83-11	4391-4395	hill	_	

#Text=\u043E\u0441\u0443\u0449\u0435\u0441\u0442\u0432\u0438 \u043F\u043E\u0432\u043E\u0440\u043E\u0442 \u043A \u0433\u043E\u0440\u043A\u0435 \u043D\u0435\u043F\u043E\u0434\u0430\u043B\u0435\u043A\u0443 \u043E\u0442 \u0442\u0435\u0431\u044F
84-1	4397-4406	осуществи	_	
84-2	4407-4414	поворот	action	
84-3	4415-4416	к	_	
84-4	4417-4422	горке	object1	
84-5	4423-4433	неподалеку	nearest	
84-6	4434-4436	от	_	
84-7	4437-4441	тебя	_	

#Text=action=rotate_to; nearest=nearest_from_type; object1=rock
85-1	4443-4449	action	_	
85-2	4449-4450	=	_	
85-3	4450-4459	rotate_to	_	
85-4	4459-4460	;	_	
85-5	4461-4468	nearest	_	
85-6	4468-4469	=	_	
85-7	4469-4486	nearest_from_type	_	
85-8	4486-4487	;	_	
85-9	4488-4495	object1	_	
85-10	4495-4496	=	_	
85-11	4496-4500	rock	_	

#Text=\u043A\u0440\u0443\u0442\u0430\u043D\u0438\u0441\u044C \u043F\u043E \u043D\u0430\u043F\u0440\u0430\u0432\u043B\u0435\u043D\u0438\u044E \u043A \u0431\u043B\u0438\u0436\u0430\u0439\u0448\u0435\u043C\u0443 \u0432\u0430\u043B\u0443\u043D\u0443
86-1	4502-4511	крутанись	action	
86-2	4512-4514	по	_	
86-3	4515-4526	направлению	_	
86-4	4527-4528	к	_	
86-5	4529-4539	ближайшему	nearest	
86-6	4540-4546	валуну	object1	

#Text=action=rotate_to; nearest=nearest_from_type; object1=tree
87-1	4548-4554	action	_	
87-2	4554-4555	=	_	
87-3	4555-4564	rotate_to	_	
87-4	4564-4565	;	_	
87-5	4566-4573	nearest	_	
87-6	4573-4574	=	_	
87-7	4574-4591	nearest_from_type	_	
87-8	4591-4592	;	_	
87-9	4593-4600	object1	_	
87-10	4600-4601	=	_	
87-11	4601-4605	tree	_	

#Text=\u0441\u0440\u043E\u0447\u043D\u0438 \u0432\u0435\u0440\u0442\u0430\u043D\u0438\u0441\u044C \u043A \u0434\u0443\u0431\u043A\u0443 \u043D\u0430 \u043A\u0440\u0430\u0442\u0447\u0430\u0439\u0448\u0435\u043C \u043F\u0443\u0442\u0438 \u043E\u0442 \u0442\u0435\u0431\u044F
88-1	4607-4613	срочни	_	
88-2	4614-4623	вертанись	action	
88-3	4624-4625	к	_	
88-4	4626-4631	дубку	object1	
88-5	4632-4634	на	_	
88-6	4635-4645	кратчайшем	nearest[132]	
88-7	4646-4650	пути	nearest[132]	
88-8	4651-4653	от	_	
88-9	4654-4658	тебя	_	

#Text=action=rotate_to; nearest=nearest_from_type; object1=fissure
89-1	4660-4666	action	_	
89-2	4666-4667	=	_	
89-3	4667-4676	rotate_to	_	
89-4	4676-4677	;	_	
89-5	4678-4685	nearest	_	
89-6	4685-4686	=	_	
89-7	4686-4703	nearest_from_type	_	
89-8	4703-4704	;	_	
89-9	4705-4712	object1	_	
89-10	4712-4713	=	_	
89-11	4713-4720	fissure	_	

#Text=\u0432\u0441\u0442\u0430\u043D\u044C \u043B\u0438\u0446\u043E\u043C \u043A \u0431\u043B\u0438\u0436\u0430\u0439\u0448\u0435\u043C\u0443 \u0440\u0430\u0441\u043A\u043E\u043B\u0443 \u0432 \u0437\u0435\u043C\u043B\u0435
90-1	4722-4728	встань	action[133]	
90-2	4729-4734	лицом	action[133]	
90-3	4735-4736	к	_	
90-4	4737-4747	ближайшему	nearest	
90-5	4748-4755	расколу	object1[135]	
90-6	4756-4757	в	object1[135]	
90-7	4758-4763	земле	object1[135]	

#Text=action=rotate_to; nearest=nearest_from_type; object1=pit
91-1	4765-4771	action	_	
91-2	4771-4772	=	_	
91-3	4772-4781	rotate_to	_	
91-4	4781-4782	;	_	
91-5	4783-4790	nearest	_	
91-6	4790-4791	=	_	
91-7	4791-4808	nearest_from_type	_	
91-8	4808-4809	;	_	
91-9	4810-4817	object1	_	
91-10	4817-4818	=	_	
91-11	4818-4821	pit	_	

#Text=\u0438\u0437\u043C\u0435\u043D\u0438 \u0441\u0432\u043E\u0435 \u043D\u0430\u043F\u0440\u0430\u0432\u043B\u0435\u043D\u0438\u0435 \u0442\u0430\u043A, \u0447\u0442\u043E\u0431\u044B \u0441\u043C\u043E\u0442\u0440\u0435\u0442\u044C \u043D\u0430 \u0431\u043B\u0438\u0437\u043B\u0435\u0436\u0430\u0449\u0443\u044E \u0434\u044B\u0440\u0443 \u0432 \u0437\u0435\u043C\u043B\u0435
92-1	4823-4829	измени	action[136]	
92-2	4830-4834	свое	action[136]	
92-3	4835-4846	направление	action[136]	
92-4	4847-4850	так	action[136]	
92-5	4850-4851	,	action[136]	
92-6	4852-4857	чтобы	action[136]	
92-7	4858-4866	смотреть	action[136]	
92-8	4867-4869	на	_	
92-9	4870-4881	близлежащую	nearest	
92-10	4882-4886	дыру	object1[138]	
92-11	4887-4888	в	object1[138]	
92-12	4889-4894	земле	object1[138]	

#Text=action=rotate_to; nearest=nearest_from_type; object1=car
93-1	4896-4902	action	_	
93-2	4902-4903	=	_	
93-3	4903-4912	rotate_to	_	
93-4	4912-4913	;	_	
93-5	4914-4921	nearest	_	
93-6	4921-4922	=	_	
93-7	4922-4939	nearest_from_type	_	
93-8	4939-4940	;	_	
93-9	4941-4948	object1	_	
93-10	4948-4949	=	_	
93-11	4949-4952	car	_	

#Text=\u0441\u0434\u0435\u043B\u0430\u0439 \u043F\u043E\u0432\u043E\u0440\u043E\u0442 \u0432 \u0441\u0442\u043E\u0440\u043E\u043D\u0443 \u0441\u0430\u043C\u043E\u0439 \u0431\u043B\u0438\u0437\u043A\u043E\u0439 \u043C\u0430\u0448\u0438\u043D\u043A\u0435
94-1	4954-4960	сделай	_	
94-2	4961-4968	поворот	action	
94-3	4969-4970	в	_	
94-4	4971-4978	сторону	_	
94-5	4979-4984	самой	_	
94-6	4985-4992	близкой	nearest	
94-7	4993-5000	машинке	object1	

#Text=action=rotate_to; nearest=nearest_from_type; object1=broken_tree
95-1	5002-5008	action	_	
95-2	5008-5009	=	_	
95-3	5009-5018	rotate_to	_	
95-4	5018-5019	;	_	
95-5	5020-5027	nearest	_	
95-6	5027-5028	=	_	
95-7	5028-5045	nearest_from_type	_	
95-8	5045-5046	;	_	
95-9	5047-5054	object1	_	
95-10	5054-5055	=	_	
95-11	5055-5066	broken_tree	_	

#Text=\u0440\u0430\u0437\u0432\u0435\u0440\u043D\u0438\u0441\u044C \u043B\u0438\u0446\u043E\u043C \u043A \u0441\u043E\u0441\u0435\u0434\u043D\u0435\u043C\u0443 \u0431\u0440\u0435\u0432\u043D\u044B\u0448\u043A\u0443
96-1	5068-5078	развернись	action	
96-2	5079-5084	лицом	_	
96-3	5085-5086	к	_	
96-4	5087-5096	соседнему	nearest	
96-5	5097-5106	бревнышку	object1	

#Text=action=move_to; nearest=nearest_from_type; object1=car
97-1	5109-5115	action	_	
97-2	5115-5116	=	_	
97-3	5116-5123	move_to	_	
97-4	5123-5124	;	_	
97-5	5125-5132	nearest	_	
97-6	5132-5133	=	_	
97-7	5133-5150	nearest_from_type	_	
97-8	5150-5151	;	_	
97-9	5152-5159	object1	_	
97-10	5159-5160	=	_	
97-11	5160-5163	car	_	

#Text=\u043F\u0440\u043E\u0434\u0432\u0438\u043D\u044C\u0441\u044F \u043A \u0442\u0440\u0430\u043D\u0441\u043F\u043E\u0440\u0442\u043D\u043E\u043C\u0443 \u0441\u0440\u0435\u0434\u0441\u0442\u0432\u0443 \u043D\u0435\u043F\u043E\u0434\u0430\u043B\u0435\u043A\u0443 \u043E\u0442 \u0442\u0435\u0431\u044F
98-1	5165-5175	продвинься	action	
98-2	5176-5177	к	_	
98-3	5178-5191	транспортному	object1[146]	
98-4	5192-5200	средству	object1[146]	
98-5	5201-5211	неподалеку	nearest	
98-6	5212-5214	от	_	
98-7	5215-5219	тебя	_	

#Text=action=find; nearest=nearest_from_type; object1=hills
99-1	5221-5227	action	_	
99-2	5227-5228	=	_	
99-3	5228-5232	find	_	
99-4	5232-5233	;	_	
99-5	5234-5241	nearest	_	
99-6	5241-5242	=	_	
99-7	5242-5259	nearest_from_type	_	
99-8	5259-5260	;	_	
99-9	5261-5268	object1	_	
99-10	5268-5269	=	_	
99-11	5269-5274	hills	_	

#Text=\u0441\u0440\u043E\u0447\u043D\u043E \u0432\u044B\u043F\u043E\u043B\u043D\u0438 \u043F\u043E\u0438\u0441\u043A \u0431\u043B\u0436\u0430\u0439\u0448\u0435\u0439 \u0432\u043E\u0437\u0432\u044B\u0448\u0435\u043D\u043D\u043E\u0441\u0442\u0438
100-1	5276-5282	срочно	_	
100-2	5283-5290	выполни	_	
100-3	5291-5296	поиск	action	
100-4	5297-5305	блжайшей	nearest	
100-5	5306-5319	возвышенности	object1	
